<?xml version="1.0" ?>
<root>
    <paths>
        <datastack_folder></datastack_folder>
        <sar_data_folder></sar_data_folder>
        <polarisation></polarisation>
        <shape_file_path></shape_file_path>
        <track></track>
        <direction></direction>
        <orbits_folder></orbits_folder>
        <generate_dem></generate_dem>
        <dem_folder></dem_folder>
        <dem_processing_folder></dem_processing_folder>
        <parallel></parallel>
        <cores></cores>
        <start_date></start_date>
        <end_date></end_date>
        <master_date></master_date>
    </paths>
    <steps>
        <do_coarse_orbits>Yes</do_coarse_orbits>
        <do_deramp>Yes</do_deramp>
        <do_reramp>Yes</do_reramp>
        <do_fake_fine_coreg_bursts>Yes</do_fake_fine_coreg_bursts>
        <do_dac_bursts>Yes</do_dac_bursts>
        <do_fake_coreg_bursts>Yes</do_fake_coreg_bursts>
        <do_resample>Yes</do_resample>
        <do_reramp>Yes</do_reramp>
        <do_interferogram>Yes</do_interferogram>
        <do_compref_phase>Yes</do_compref_phase>
        <do_compref_dem>Yes</do_compref_dem>
        <do_coherence>Yes</do_coherence>
        <do_esd>Yes</do_esd>
        <do_network_esd>Yes</do_network_esd>
        <do_ESD_correct>Yes</do_ESD_correct>
        <do_ref_phase>Yes</do_ref_phase>
        <do_ref_dem>Yes</do_ref_dem>
        <do_phasefilt>Yes</do_phasefilt>
        <do_calc_coordinates>Yes</do_calc_coordinates>
        <do_multilooking>Yes</do_multilooking>
        <do_unwrap>Yes</do_unwrap>
    </steps>
</root>